<?xml version="1.0" encoding="utf-8"?>
<odoo>

    <data noupdate="1">

        <record id="payment_acquirer_mollie" model="payment.acquirer">
            <field name="name">Mollie</field>
            <field name="image_128" type="base64" file="payment_mollie_official/static/description/icon.png"/>
            <field name="provider">mollie</field>
            <field name="company_id" ref="base.main_company"/>
            <field name="view_template_id" ref="mollie_payment_form"/>
            <field name="state">test</field>
            <field name="mollie_api_key_test">mollie api test key</field>
            <field name="mollie_api_key_prod">mollie api live key</field>
            <field name="module_id" ref="base.module_payment_mollie_official"/>
            <field name="description" type="html">
                <p>
                    A payment gateway to accept online payments via various payment methods (check https://www.mollie.com/be/payments/).
                </p>
                <ul>
                    <li><i class="fa fa-check"/>eCommerce</li>
                </ul>
            </field>
        </record>

    </data>
</odoo>


